<?xml version="1.0" encoding="UTF-8"?>
<manifest identifier="com.meucurso.introducaoia.v1" version="1.2"
          xmlns="http://www.imsproject.org/xsd/imscp_rootv1p1p2"
          xmlns:adlcp="http://www.adlnet.org/xsd/adlcp_rootv1p2"
          xmlns:xsi="http://www.w3.org/2001/XMLSchema-instance"
          xsi:schemaLocation="http://www.imsproject.org/xsd/imscp_rootv1p1p2 imscp_rootv1p1p2.xsd http://www.imsglobal.org/xsd/imsmd_rootv1p2p1 imsmd_rootv1p2p1.xsd http://www.adlnet.org/xsd/adlcp_rootv1p2 adlcp_rootv1p2.xsd">

    <metadata>
        <schema>ADL SCORM</schema>
        <schemaversion>1.2</schemaversion>
        <lom xmlns="http://www.imsglobal.org/xsd/imsmd_rootv1p2p1">
            <general>
                <title>
                    <langstring xml:lang="pt-BR">Módulo 1: Introdução à Inteligência Artificial</langstring>
                </title>
                <description>
                    <langstring xml:lang="pt-BR">Curso introdutório sobre os fundamentos da Inteligência Artificial.</langstring>
                </description>
            </general>
        </lom>
    </metadata>

    <organizations default="org_1">
        <organization identifier="org_1">
            <title>Introdução à IA</title>
            <item identifier="item_1" identifierref="res_1" isvisible="true">
                <title>Módulo Introdutório</title>
            </item>
        </organization>
    </organizations>

    <resources>
        <resource identifier="res_1" type="webcontent" adlcp:scormtype="sco" href="index.html">
            <file href="index.html"/>
            <file href="SCORM_API_wrapper.js"/>
        </resource>
    </resources>

</manifest>
