<?xml version="1.0" encoding="UTF-8"?>
<manifest identifier="curso2.modulo4" version="1.2"
          xmlns="http://www.imsproject.org/xsd/imscp_rootv1p1p2"
          xmlns:adlcp="http://www.adlnet.org/xsd/adlcp_rootv1p2"
          xmlns:xsi="http://www.w3.org/2001/XMLSchema-instance"
          xsi:schemaLocation="http://www.imsproject.org/xsd/imscp_rootv1p1p2 imscp_rootv1p1p2.xsd http://www.imsglobal.org/xsd/imsmd_rootv1p2p1 imsmd_rootv1p2p1.xsd http://www.adlnet.org/xsd/adlcp_rootv1p2 adlcp_rootv1p2.xsd">

    <metadata>
        <schema>ADL SCORM</schema>
        <schemaversion>1.2</schemaversion>
        <lom xmlns="http://www.imsglobal.org/xsd/imsmd_rootv1p2p1">
            <general>
                <title>
                    <langstring xml:lang="pt-BR">Módulo 2.2 </langstring>
                </title>
                <description>
                    <langstring xml:lang="pt-BR">Avaliação do Módulo 2.2</langstring>
                </description>
            </general>
        </lom>
    </metadata>

    <organizations default="Sicredi Conexão">
        <organization identifier="Sicredi Conexão">
            <title>Módulo 2.2 - Avaliação</title>
            <item identifier="item_1" identifierref="res_1" isvisible="true">
                <title>Módulo 2.2 - Avaliação</title>
            </item>
        </organization>
    </organizations>

    <resources>
        <resource identifier="res_1" type="webcontent" adlcp:scormtype="sco" href="index.html">
            <file href="index.html"/>
            <file href="SCORM_API_wrapper.js"/>
            <file href="images/inovacao-logo.png"/>
            <file href="images/sicredi-logo.png"/>
            <file href="fonts/Exo2.0-Regular.otf"/>
            
        </resource>
    </resources>

</manifest>
